col1,col2,col3,col4
1,oDTHyCBPgK,G2JZw,Ik6t4jra
2,cxcJipx1WH,GHaXj,hxBXEQYJ
3,JjQl5zXpN5,xwsNN,mxyMvdnb
4,xucW6LfNX1,yXjUg,fqMV7Oqy
5,H2BC8I52gl,IyNcr,tKvjK3A7
6,OIL1rHTJbC,l0V1J,SqoRFPq3
7,ZogCAKC2G5,zr14S,aWQsj5rl
8,ojjVNnOfJd,LzIuo,SEyotjWY
9,SMYHccMrWQ,NIyYy,nQ1znqbB
10,628a41AbrM,9mFd8,Nsu1TjdT
11,5ev70hBPQT,76mSC,D7IpYFIm
12,a2xk2G4okY,Zl4kn,aE2aNm3g
13,MFSXWjocr0,2Ei5U,4wfsEzi9
14,EDUmaExaZU,QILvM,gvyovFBU
15,kXFxxxnYl9,JUPcP,TQz7YGAS
16,9IZF6CHNCL,VbPuD,l0nthgJ6
17,NDyLUjzbRg,3wDyZ,9iZFDgUk
18,69ULPUaWbu,BKmAA,mFFgp0zX
19,ffc1QTEb4y,Lsvz5,vxSwLYin
20,P5BDhpIMWY,qJAAW,LQRjWD8Z
21,tpeXCuGG8E,VBRu4,oooJChfu
22,TheWOvT6B0,i7sBB,Yx2POWSB
23,N9zRp8zZTx,D29rQ,kXPJiPYb
24,vONToCj10Y,wxRRa,mcMpcsMC
25,xyaugDJX72,wPJgZ,qBja6rwR
26,wy0bolxRWd,kdHBU,IwVn3sdn
27,vI65pgmHk8,u4pL2,IyVZT9G1
28,igYBTe9C4c,OuQWv,ItB901jE
29,lODTnq4oP1,MOLtg,XcMvwBkY
30,S0ilYgsm7F,fgMmY,4Q61xfeA
31,kfxjcfPiyk,6CZdg,QX2KO9Hi
32,MPqxd1iwc3,G26Uu,o4XMp128
33,7Sf5GMhpF8,LQ8dE,DOZPT0bZ
34,2PbHBoODum,SaISf,stRRDc8c
35,ECQ5Gk84wu,iLzlG,TkopIMZ0
36,TQaHhccoFb,FfHek,m8fKmi7D
37,dmZ4B3YF5C,M0SXO,VWW5Y7nD
38,7tKmDOCgzy,UnOJB,mU8vn3xT
39,oLTkdunTdM,WIOFd,A7pgvO8O
40,4RNg9B7GKd,tN5dI,kAUAWV0P
41,1e8nfmKZRC,gUwhx,QG4MYp7R
42,D7JU8VmsrK,CEUS5,kMZAGlwF
43,k71ytGtn6Y,lG6V7,6eNQMg1k
44,On9OSQHs3W,zxOWr,KL8YFYFn
45,rLFw88hh65,sKldM,B4FmW4nH
46,o3WvJzsq0g,k1Grw,5nwc3xjp
47,tCEfEZj4Je,2kkOq,zzeGVOHo
48,Jwkhxgcj4C,eC5DQ,rgS6yZ8n
49,Po5mJnXkuG,xx4NL,2FGa8OMd
50,aVcAozELTh,JMBVN,4cyyejGp
51,D2IGZwiRm6,FLWgh,YpjIoICv
52,tOQp8cpBJx,DIcgK,HxXmMU0N
53,xQerNaoobi,T7lGg,4DSiasWQ
54,5SVyr5atOp,2ZNjV,MvwbiIlN
55,Mhph5CQ3ww,FTamG,Vk0qKfs7
56,j9VOr9qarc,sH1aU,orm8dTBG
57,HuRVfe23DH,hTUJC,XhSyjlby
58,dRpidIXgFL,7sOqq,aZHLAF4Q
59,P5kbe5LSlk,TcHSa,ynMyLFuq
60,YTaNhHGoik,Wwjrd,czBv9pkU
61,5W4Hg0f5RO,w2T6e,6GgKysfS
62,k5k9tqguSo,Rbl3I,MGotPFKf
63,K0jt8BrjHj,cSyPY,edIMsChk
64,wFzXfwb54U,E0OzZ,f09H9lyD
65,2SwRxF8arZ,ltO93,l6Zh8t0F
66,8W9mthYt9d,X91cP,vQF6rOJP
67,hhiWwCDaOb,LzEJ9,FsJuDHHH
68,aEEmr8P8cb,KR7Ni,dHFhJJvc
69,MxZfqmulxD,wGeO1,O4h24yQE
70,YoWU0lQ3Ds,lDf8z,jZdXZtjR
71,YMd4Va0Bdn,xGXCJ,R49da53M
72,6gHpfApP2J,Nhipx,Ud0p4N1f
73,Ctxam8JKpM,Qh7VZ,IoWZNbjb
74,4UggiyYBcR,UXupU,WeBfVOX5
75,Z9ASaduqx5,0iBbC,VMSrNzuX
76,zQgxLw4U4d,do79n,Fd5wUdSF
77,zUFJy42WAi,I849H,azvkGYe7
78,B1LK9463Q6,Ud0f1,2gztUZwQ
79,yEUwakBCiP,XGmR2,vrZZ5CD3
80,GhOvVWJDkx,vgkqS,mdEOfInr
81,ZFAftEZoA1,kH7cb,b6Nt0Svv
82,wgsrXqsCZM,vc6Vk,YIikYNNT
83,EuSABnP1n8,8I4iz,FujNP1h6
84,QLgHdL2ccE,ecSod,Wqp9GmE0
85,EWBxi6N8jk,qreCv,BRcA8BDp
86,qRAWxdKPUA,bQuAW,6fOwEnlz
87,wwCNQ3GNa5,U2CuO,3B7l3Wcn
88,nczglYWSBo,beONz,o2tNro8o
89,tTcNCk0cwU,0tuyF,8Rl3jy38
90,DJTMjZRiGV,CRR1C,YD9eNdXA
91,ow7EsP4Mdw,nnqFm,XM4LGzlN
92,d9HfuH8yXI,miokW,IHAK9rgt
93,zf1BD4hXbV,7N9a0,3YLDcvKd
94,3C07lIfeNB,Uxnfv,MEQwNWZm
95,mbtORTGrc6,scQE6,lMWXM11L
96,6eiW5sbppu,aigV1,QHbmyNGE
97,MemGkzywcF,nL2BS,HODXkpgd
98,AZxAoSbFzZ,mFcR9,OIDwEVq3
99,QKLjkPdFiT,KIxRf,m9sJrLIR
100,wdSpIu758p,qcbwN,z3G07cGW
101,aW4VKpSi0S,xGwau,bN60no2e
102,0GlqlhOjw5,bkV01,OUNVxkyF
103,OqYSR2k1MW,hY3Hw,ZNdSk5CK
104,RGnC30ISoS,3dCcd,fDUtjEps
105,Ux8yOAX5M1,O6Dth,Ant5YoMe
106,OtSd5KyfT1,iYEuM,SfIjBmE3
107,h8coC4h0rD,fpIlK,S1jo7ejP
108,e5o3CNBHNF,lgaPZ,ZlyhoZJf
109,fwbWidXBVQ,KBpgt,VmYknwez
110,iEYiyzliHR,4Zip8,EOBqn4WR
111,pfdn1uC80X,Og0FH,4BrCjhgV
112,HGxpUAOV1a,XGTkx,RoHLLFzt
113,IYpPUd9rKT,1OMI7,wSsXgu0G
114,V74Fg5AALw,byMaY,raXMMFXE
115,HfwIdSGpr0,0YPsg,gYLtj6nf
116,9kP3Vumsod,NrSB1,dZXTaFaE
117,dVzdvYfx1q,PEAa8,RESSSg58
118,Z3772585Yu,1FRxh,LYAa3Abv
119,wSCv5srEGG,DigTf,KYrpJjiz
120,Mc42skNwOt,ySnYG,cqJUmDb1
121,Mys8w26kat,I7qbt,cHJWREbq
122,1hYVZoWjUU,GoqFx,lXpNJ1va
123,UPQ0kJI7mh,gpEc5,WTA60Qe3
124,82llfuHpi1,Vtj8T,MHUXfQNd
125,FNgwQmQYZu,XvLpV,5Owld9na
126,5DQPKfIyUM,uOPat,Ed5baPfi
127,Xf2Pk8ljAZ,GtBFA,4AU83rkG
128,I3gjkiB2UZ,gaAFI,ze2CwxSa
129,wLIASPuoel,Z66Nr,yNfOc3c3
130,awtWh7iLlE,D3Xcs,k41C6hrB
131,0pcsiRvtHA,4IFhm,p71W35Ft
132,9gc1ycsOwy,dFz36,yLStts7Z
133,C5zf7Exxvl,ejEtK,LMIzSq2H
134,OsnkW2hQsP,ywEgD,EnKs2S6Z
135,NpH4uEB7XV,aXNMu,nxIJeHSa
136,YItpYanjWC,PIhlk,zBi4GLIo
137,6NJAfYD9zX,GNcKE,jiGuDOFG
138,VkAZXgW879,9EeRJ,tV5dF9tz
139,b7H7t1kw2c,vo8w5,BzguSqL5
140,S8zuNVe85w,MpbQ6,LWMmfdIh
141,EAZ4JXgk5p,8CIlG,UDC42Ap1
142,zLqeew5D4U,QIr7i,LQYFH7Ul
143,SKuB9uLzTR,Z4q3x,SkYs6LJM
144,WLpIC6F50E,60Wze,d5BpnyIG
145,JxBWeaH1Ip,RCCkX,ORk8prdP
146,c7mtwjwMiC,fuqzU,0oW4zVeR
147,GJxWtt6R28,xvCaa,5Diandvw
148,Qh0ZCIAdiq,HllJl,Y5nCCcOi
149,NcVkz474rY,1k4jN,d8ATV1nx
150,eOggCe0Xr3,xnreN,ryRuacIC
151,IAKOuDdPpj,smcB8,wLcx4zmj
152,mBoiErStG1,f2gvW,Tfxct67l
153,AfbVrYLbQT,Pg07j,6mSjRxLh
154,Fp3YEdX9dx,w6Sza,LmzjlbYv
155,oh7lp9wH9f,Ehp82,bUSj4mVd
156,NEjcG3VzoL,140qA,nqY2uDHG
157,kySklLNT5l,V0uBq,nGJwtlIi
158,G2IjUKGvu5,RL1Os,P6gkTLuc
159,IzAzXGVplX,ZwJiK,tUVZnafw
160,GmfOsRUjsl,D9j4U,3bxEzARb
161,XdQDesAT7x,3BpNN,LAUCIMjc
162,earvubBr19,0xqw8,dvajaX0S
163,oXSY0bm2km,JvMq2,E0F50YFS
164,JqXC3v9ift,d2QNd,A1DpkD9M
165,ND1iUi5JYz,gTvAb,JepHE7tO
166,sOwXufqApW,i7Xa1,lwf7vw5R
167,QDbi0UqWmm,Br6JL,cdkNLW9A
168,TIvU5YwDSS,saGAo,QYRDF4rq
169,aa5DSbbUyK,WHXCN,AkWMYHpv
170,sPnkPBtrdz,PJ0fn,AuZaWhKv
171,ro2JdZwmzk,9sJFK,O0htTjZU
172,HMhbgJTh8m,yY1Lm,C83mwa3I
173,lItfiIlqrE,mGNT4,r2Om8SJw
174,Qn6nIXmVuA,docsH,yA6NVMye
175,5JkCvhqlez,22ohV,N4y9TpcI
176,gz89bKEjN9,6efgt,Mqwzl44h
177,nyxM1FrmFW,sxC4X,vibZqCuf
178,T8MQ2NJD3H,SXngG,OlW5LJwz
179,84ATx8XNcC,Q54E9,2ayJDMnX
180,9dpDvhA2fh,z05LT,Ce92wItE
181,N43Sp4uHgc,H0Xce,38OT5Lbq
182,4Ga28T3Wo9,olW1l,up2BGok2
183,fQJhcl0ZHt,TC0rg,tCQFQFNg
184,58fT8ott92,kFqzc,yoIniMb2
185,KYjW34tnBv,oktII,IuMQXx5T
186,QulUkbXssw,0LckY,Ck0w5qgS
187,QZHOnnHkYL,NOCyx,ihfff4HK
188,AvtCxLnu9f,uD5gA,W8ULYEWn
189,97GVyPuWUw,h5ggv,UKuXrXN3
190,IHDL2l9lyS,RHcQI,5Li3Flrk
191,a31ZQ5zRsA,p4cdO,5ir9o29G
192,qJ1xqwGf2H,f7EGR,fpCMohEs
193,V8ovNViBfm,pa4wW,pmEUBtf0
194,REtdWMwxGh,zxpjV,K2uMxaM8
195,2W2dS4qGDT,nShl3,YJVIzmq8
196,OHbEZ1dRnt,bbjhW,crdDWz74
197,ldbLo0a4GS,pzqgk,Do7MzGTG
198,ickjgvDt2k,jbE3o,hiUErq4k
199,AvQfULq27H,EDlAV,arj1nUaT
200,AUnfn7qAhL,dBN5U,6LHkdO0Q
201,4EQUZFKMPM,uYsnZ,6zehttOJ
202,nwPhCbj8MI,0LOnR,PnsAT6x9
203,vHvbDHsGA1,48wGa,5EuVQe90
204,enO5RjUd5S,KWsRc,TSfaUZOj
205,kvXaQKBObr,ZxJF1,HdrIeqDq
206,2OKzVVX1qd,EYs6X,aQrZ2aNt
207,jEXrs6k2ZF,LfVs0,yjQciDyo
208,Oo9BHiTIAl,FifCu,JzK8vg6Z
209,KTjICK4D8X,QMUVX,FCXaNXg4
210,f1O2p9IH0b,hEHyc,sla9uC6u
211,B2BVv1kZGH,ZDDAH,ayFjvKJ1
212,ETKOywBsk3,hnYI4,ZnmGR4Fv
213,utJnhTCTqK,EG5VI,Z7zJULEe
214,71mTYlbzfr,KUTcS,1OrueA1m
215,eJYwakLVRm,nhyxF,gQMx8fmJ
216,Bl0xSaMzJ0,Mb8AZ,KhpbM19M
217,xRX738b3O9,SGS1F,2zeZGZwq
218,YdhIZO5DIq,JJKhg,WixTo6Qg
219,sjq0jR4Pum,EtRlk,8wIGRY2F
220,puzNWucW0j,WQVVj,uUMmRA4R
221,mmvkF9pDcE,9BBhi,kha5LnC5
222,Pqg20A3ymw,QHcJk,BeyJjgQl
223,NstN0CaJ0Z,UJ1ip,JbablG6y
224,beT7sm7Z3U,h0aiE,NH0UNHJL
225,KKWUvs3Y28,2vM9f,KJnLqTHQ
226,6UvhxbA7F3,ng1Ty,H7C5q36V
227,lp4ePK8Xpk,L2Zda,VPEanrVu
228,aDUu0a4ZiV,1hfTJ,xyZ288VD
229,b1SzHGrygG,j7a0i,Rxfuft56
230,CxIZaFzqp4,m42lN,7A5ohcIO
231,bm4Z9U3IsM,ghH8L,AfgTtTHi
232,68Rda7eeaj,HDZgy,aZ8rnRaw
233,0vQFKxvO8y,jVGO0,GccxFhLx
234,OEbCAWUCXn,VvL8E,Ss2ajIFb
235,LGL8FUVL2b,27lMO,0kpQhODF
236,fLOryrktBM,D8vxa,4bppOQ7G
237,ivdopE2lkP,VIcr2,qPkmM11N
238,6JNJyn2odX,VhQ4q,1WMsx7FT
239,4U7eHYqvhX,VHJP9,QQjFrDbb
240,Xt37z8h8Es,qELSf,OXqb12zG
241,BysePgodmQ,hjeRm,6Ok0Rd4f
242,uYYJY0kWsJ,XjSBB,l7QGCfbn
243,2xBba8R8y5,4w2a4,vljJt88M
244,EyLHRlb7gH,mpUtf,RY9LkXda
245,YEQOYXwXG2,EnqmQ,p8KrOoEq
246,TgacYNHFk3,FAjxH,zcsjL3Ay
247,eAEItwuaN6,9VyTp,61vvjkSM
248,tNeuUyyhwQ,lyN07,qjkETDrq
249,WEzhpjjxW6,0PCNR,wqVMWtDz
250,uKKoiIGiqq,0aDt4,36Mxc6hT
251,q1XgCuXBpt,BrrHo,iaOxL52i
252,qTB2vmSsOS,KpSCW,FotPcW5w
253,wsYwAqMCwM,KeKNw,g0E6pbNI
254,m1mos2jG6G,vMkzl,Q2rPrclK
255,M7iKZLnVpG,73gt0,chguqvJ3
256,8o2NdPewM0,cPvwu,4j0uMG5J
257,LNh6CMHyel,yrxnT,OVM21crl
258,MeSaqCzLIE,BfgiZ,cNg54gCG
259,YGZk0jHe3N,ervt6,whPCZcUs
260,jJMTckxtbC,Z5pDm,jVhTXOrw
261,YTuFLQOkGG,FLJOc,gpAAQIJK
262,gYg0jsbwKq,VIERd,eIZmQXFz
263,OMe3XX0mLn,gxSAC,sR1UFPwW
264,ckBtUT8sxe,nkrDs,CtUbVSDN
265,Wy1VEu8fnX,ZvlXO,r40QpPLy
266,gkwTXZBeBu,cjfiw,VeC16o3A
267,5gs5Xlh2yr,QOgRu,4fUbHCZw
268,0hXk2Kd1H5,RqbqY,NYUM08hJ
269,9aDeTxaJ4B,zbMJY,s3iFIG0j
270,XmmCwmTUNU,JX5dr,fJgQuxdI
271,H7spahET3k,wB4kM,GzG7mEsw
272,cKNdZy7XQA,UcAVH,jswiGWFd
273,mGAlZ4X2lF,KU1jy,yg38GK74
274,1umA8hIKwe,XI3xH,KjBQ6mxh
275,49HsEF1zi7,poQty,ihlxRkAx
276,hZUWlZcGTt,BMQnG,NiZ2pdMo
277,F7rN5MLDJY,D8y61,YYYaliM0
278,c2vX9m1p0z,jwy0p,H2lOiEm8
279,JQYXtVCivn,LdrTR,844Om3nf
280,o7HToDgFlT,8u8mf,Bvn8TN6Z
281,AaSy1ZS1yd,3UlKU,2Byp30jZ
282,70FjPTYdF8,pQKDf,rbJSmPJV
283,jbCC7LG0jp,xKGu2,G8dxSDZF
284,C9bZkrXNet,77DsU,b2bKxdhG
285,ZsTd6oHuUU,iJhJJ,kKb4wNSi
286,6AxfZ5ZOLo,oSDZU,zm8bDbpi
287,mcjiAwXtJP,wD6oP,vnlyTbFU
288,18PIojvA3o,VRtK8,NTDPSExQ
289,fwq9968twg,lKO20,EKTG1XFk
290,8F7r7qIq5C,Dihyb,XkWm7pOy
291,IjvYMGjkUN,wG9EV,HfsJFaup
292,IyvBs4QkW2,P5MdL,OXjXedb3
293,5K0RNXifTD,qr0hc,a8cTepwB
294,UQ6MTWex11,U5kDt,KZlU0qVI
295,1E2nzek5Yb,tg466,AkZMSLvj
296,J0upZSC9vJ,kY2z9,G8yWQnNy
297,fI1N6yDqP1,Rp7LG,N10wlmbR
298,njYtHltAeL,iSzUz,sgxMEMO5
299,RpWc2YqcVA,RYUvV,tXPrwGuF
300,KwOnzrN9vq,jZ5TH,dgE61TCB
301,VrJsLwqQj4,wp20u,QBl789F6
302,wFMMdbtfUR,Q5Ac8,hzGWZmyl
303,GcnL4mt9ML,CG5qA,ZpCvm85i
304,FeSPpjxbg5,6a0Se,a5YFWI0K
305,bwkj3IjIt8,QrPmw,YzHPKiTu
306,jjZ0JZui0W,kYapJ,jpBelxDJ
307,umfkL9Y1pi,GN60z,T9zFLdb0
308,RCGqUzCEAR,AZYBJ,6j7aGXqS
309,AkNDsI6IDv,5fP4I,WzwfvPNE
310,CUtYTHca11,rcZ4K,iE2y9Ege
311,KQ8BHTUBxD,C0OIZ,fx5w61CE
312,1ozxqrObD6,FeLiw,AgYtsFPq
313,924vAJgiXL,OXvTY,0rdd3RHP
314,sDmKkcITSb,Zk7dB,vRCMMvgI
315,3FehujBllL,j719T,ndWirA0o
316,d5K9vCjaGd,xiDWZ,6x1viNMf
317,eowdsqFZwz,ciCNH,QofhoCec
318,DQWvOyyTo2,rtcL3,eWQZ681l
319,P4KUgHb0zi,TGftt,lOsXNT4X
320,HQTEZStMSM,L7IHZ,CdCKoEBi
321,CNllTjhnbC,NYoQx,f36JsJB9
322,WDiJ8xCZWw,csI8K,5CZdue89
323,dXDm5mxI41,23FTE,DPHJgx9g
324,H4seD9Zwke,p723a,NLXs4jK4
325,cBYGLy7Adk,5pjkh,meb2SOeE
326,6e3iVu2LgR,lrhYj,sdhniSYV
327,TYzSrRxZWw,daYS4,HDSrAFdJ
328,ZiUBb72ijl,cLHxC,CeOAum30
329,2OVDmwzI5e,4wRrI,tPBVjVmP
330,az5jrbsx2b,ncBnx,EHf91lz5
331,BA9cAf3Fhs,ZCgNS,7qKa9FrR
332,jw1tOp5fwr,yvgBn,7jGLxiew
333,p25gxrSOkE,NkWHr,Mmq4b4yL
334,k3lDiKLMRz,qERuq,FY2EkOIU
335,WRihGFKktq,Oesgd,otH6vHAa
336,4nLjtuMkom,qLMVp,gr4Bo59k
337,1uHqgTj7pM,mT4oM,rUWMJ6XT
338,6JFs6zQVok,6CMAu,yeVuVkTU
339,SDLTbeJYMS,x7zIW,fQbxyCPv
340,xgKaGGVuoF,VIEWs,nIapsoPw
341,LsGJms0ZOa,OqbO5,WcuKJPlC
342,6xNOvzN6H8,tgUPQ,vXe8UlX0
343,IoCvgeFHLk,uHqPG,rEnmj9aq
344,P0DdhbJfbt,4paJL,CfgtSuKv
345,x4H2IYTja2,UiqqG,wPof6MqI
346,uoTLKiHgeD,F2jlg,FP47NHLp
347,7SBEZUiMJ4,waJTb,JNPMu9Ax
348,zzn2jxvzkz,7MaBq,o8IbWf4q
349,3PgLMIdlV8,WRvOW,FqGSSLWG
350,R6JfsZx9D6,HPZiT,MwXaLqmJ
351,oyFtZ841hb,wFbVA,BuBrbKKY
352,9e04ZUZvgb,mr8fv,CjX5vopq
353,VHDJCB8rnx,PQTNB,Qo9UdgRb
354,qePkDaD7b9,9c7Zm,eV8x3oTI
355,Pc1gVhEus8,T2E5D,80mj0ty2
356,yNuQwxMvhD,zPTQi,9BvG1W8S
357,EN45SjEtw8,3B9NK,vKfey0tR
358,Pr4B3b42tE,crRwF,wMSeZwnP
359,IL5VZgrIgC,x6tLF,z7DNc06D
360,M6g4uDgBG0,TH6au,sF0OUO0r
361,UopItcV9TQ,RhIui,VBLfqSK7
362,QHryWkR985,iFxDX,tj6NsaZd
363,UHrSGfFXiX,pHH8X,RB9uZWeB
364,4H6z1NNMXC,H7kdl,ogdU4iEV
365,zaJpj15Yop,tr49h,jBq1Ah3t
366,aX6kj7E55p,sglq3,FV1V2BCb
367,jxNPeUEBhK,UPsFc,88bjDboZ
368,2d6L35nXIL,tXpd2,rXhoxJ2a
369,mxiO7sIV49,5KWCM,cnQhZfLu
370,3fAKi8mVrI,PssKN,14Ws4Lme
371,PjECl2eqDj,GA8lH,XRMyGuW3
372,9lsXMSCc9B,xYzEq,IVmEB8g4
373,llbwq3QS4Y,zTUkL,WGedlFk7
374,csaegueUba,TqXF3,X3NDfd49
375,7BBtYZ9BHO,EFl7J,34GMSTwg
376,RBLz0b6Sss,TTXUJ,y1P48CFi
377,qps588W2lI,R8ItR,XRoXcySn
378,rbRpESK84q,C2MGm,WrZUpdZD
379,22wzbz4NFT,KjUm6,ecaNEQGQ
380,oRClLzGlQ9,4eZoL,5z9AbMIa
381,DKylPqDmJj,QBwyp,I3dtLvz6
382,nKMnvr3zOJ,st0I5,maA4abvK
383,d9Sd3bMsJi,ZPywX,liKCqOtY
384,dFZ1dEHnS0,WDPyP,pK1cIgKM
385,ZuOvZaSfrh,DEfBm,5H1pqFQs
386,QH559IoE9t,dld9Z,ytX0H3B1
387,vyFPdeS44P,lCtIv,YEtbfKas
388,yusD4WsVi6,ex3be,YAyDhrMP
389,QmhmTeKB81,mkHo5,3uvBe71T
390,Er1x7R4sA8,FweqE,V1QCTYaG
391,PAX3O2ek0m,Loq2o,8GhpoWnN
392,wSklyBrC0m,KhVfQ,gnwYTpAw
393,yYggwtcRvH,9buhP,3SyltNrc
394,ZoxgSTrZvt,fdk0A,I4Jkc8mZ
395,MTGlHmR508,WuDND,E8D7go0o
396,MJR5kRzkqR,ayMLl,B5ZqexEV
397,Dy5eYyVSSD,u0tdA,YWbhUVhH
398,NhJpbJTed2,MRFVN,L9mgM1DP
399,POralTQGh6,zppNy,4jco1yX0
400,phUTcP6dDt,gVJgQ,cyHeHZ1C
401,TBSmHkgs0b,cvQ53,F213ZK8R
402,MGz2nBg87f,rXtmN,lhL2VwYV
403,CSYbgDqA2w,wgkKR,uwwDu6X7
404,aXr3ca2nRI,Xboop,nUxiponi
405,ZwZIQtigxs,zi80S,7xJpQBSt
406,ivIVfMA05c,Qxfod,wTp0EEv5
407,NDtxOBRld9,Zu7Nt,1mZprcXA
408,pHFTyRXs2M,iLmnk,VyQjRL89
409,yngmmrmynZ,MfjQw,BE7LU2L9
410,zgjjbK1TrV,JeeIo,vUVIG4sX
411,MG72IL3e9U,Pw6Ik,YqwjytuU
412,0coCIVyskw,iEqxv,PFHVqlTk
413,yY0dHzDysF,VV5k2,WOJY8QnX
414,o8yf0iuxlm,sQsjK,Z0qJAdb0
415,Kyya8ybFRv,eQbrU,G5PfiaN7
416,6CFIUoGdjU,BdLiS,njInJrQ1
417,V3n3N16NVS,55bMD,jiNvKPK5
418,HLQb3Ob8SF,A678C,1lm1wcyM
419,vMWM8dENea,2K0Ou,U6RA17C2
420,a1Ar7NLsta,BJzCc,zqkzx94x
421,DkpdFlTJsQ,teZKL,1hZd3y3b
422,oZhftWzbEv,4MBtV,VDCrkQd0
423,rEGJMzyixa,cMQVR,qKpFyYWc
424,om7FGCHWe3,jO3j1,2EzyQZn4
425,7km5Xr2HLT,xO4Af,RQGW9A7w
426,I5s4Iz0jHJ,XKs1N,orXGfx8A
427,ZIzWWhJFM9,1nDQN,GtvsW7Fb
428,vQS8dRF2j0,nA9ZG,NlQpr3pW
429,3j6CQxHQIQ,Y553I,EAPqITjc
430,OdpjK7epP2,mtOec,2AsMyN7F
431,CAfsbiodoK,SlXDq,1RD2nGgc
432,l2PQ9urJ16,qDnKB,HzCLqgvt
433,PfxVqCxxJF,Tn0rT,J3eAcoyy
434,WW5jFOh4mx,QvSJK,Rcvo2kT6
435,FJC3UK4cI1,EceBM,ndVRCRGO
436,4Fz9KLVh2Z,gjcb8,wUfbxQEE
437,N4OypDZCFr,sBWqf,JCN2XG73
438,O7PiSyDb7e,fhVkz,664DiRjM
439,hJOTjopKav,fsItc,WJwYrUsv
440,bshH0yMKRE,tbRCN,8JiGOg56
441,ZtnY2m5dGV,5GsRQ,6e287zCv
442,StPrIafx7z,bqm49,Xvm4IZvN
443,tLhotrwVBI,QpY0r,TFuBlGNx
444,inPucC4Blo,b3BRH,p2GYdaKc
445,JyF76Hl2OI,YmjRZ,e4VFSz1b
446,9dFsrLdciK,PPKFx,j4327BwZ
447,HiGAsM6Ohe,lispU,GLDrVcIF
448,aLCyjYRAMi,xNzyj,GRBo6opK
449,0FlC7gZHzP,4nHzX,4SIBrtJY
450,YrdA3308VL,ZUsAl,M11M7AsG
451,cCV50N9ENa,wVFcr,23hgzKcG
452,wDzanIWLeM,58yki,USYmp3nH
453,m4VLVFHP07,dqQfH,LawaDDKz
454,KE5eCPd49s,dNhNt,cvDdbi9X
455,jXSNvhyP8Z,PHe1c,dMHgjWrL
456,f1AQeSMqKe,sHARC,7S9hgUlK
457,XtsJ1uJk0O,nN0ja,VP2x8wFj
458,I2sPbwh9Ym,IHNrb,8tkW2k4y
459,O3xs31VYsv,VJIW9,jToBk3z1
460,qDKTh9x9Cj,90asY,QiKEJ8S1
461,7NOjfQcIMB,dBYzv,DpF1LXVh
462,J5vk9E4MQK,ys1Z1,Isbr0Qz0
463,zVkvPvGiPf,pWLCI,XwCmygAf
464,fg7YyRrJpG,L80fw,eZRZvvZv
465,j0nf7ULYi8,6dyxw,sey5Du2d
466,OrIjvHtehI,6al1a,027JvwDo
467,XawWj8igpj,NlqQ7,hKFWcuMK
468,MIl6w2kxgY,Fusrn,Dm8OzRV8
469,q6JzLPfBU1,JnFYz,buFpWvoG
470,CfDWdi765I,StPRq,0Xxw5kaK
471,vAeJ7R3cri,syg6m,fqiVKZQ3
472,YMTLF5jb18,EW1rF,U4uXhjdG
473,MEQTlRxtwX,XJviU,Cd2eawaH
474,qRlrehDtWi,Z29at,eFQuZ2yK
475,DD4nrxFYab,J0LOe,wHjmzsZ7
476,cA6yX1GTY6,rL72T,7o2OYsWK
477,qW1tis7aXS,G2ycO,YCDoyCIH
478,uPOFfvR3sH,bDy8X,clOXueGh
479,k6TllPt875,Ok6so,FzE6BPpf
480,HjuuJakr6a,RbV3a,HA6KOa9c
481,PmhAelOUiu,rCmlo,e9rfgRHX
482,o8N1eQovmI,KY8sS,LcJbCFFG
483,nUib8W5E12,URrlp,51XJYAoZ
484,7gBkkasyd5,CZslX,pJSRpopQ
485,jmXyYo6Vha,ZNLZq,YnVZdNIa
486,vZASQ8wPEc,5dGGi,C8yA9PIu
487,pBqcn43O1C,ditqA,U3KUbLTl
488,orQ4TkfNkp,6goql,1YZHnnXH
489,f0j0y0M4C0,AXLer,ThhngOs7
490,lGAz9jeWqp,Ms1eZ,U64pB7mM
491,JkY6iKnsHe,csyx5,Hm81Rryd
492,hbUosgDF7c,FxGlw,U6uLfEaS
493,8NgwuG9JQR,rXxR9,kI4OUyQ5
494,u2zDTrVXi6,Wr2LA,SRoDhBJe
495,oMBMjdx5Ke,z6UOr,FlBuVM4Z
496,L8KKs0h3mX,VlH5u,W4vzCIWC
497,alCDv8odTz,QC2Mx,enubWqkw
498,26xlvuNHG4,5Xkdg,ZseHl06d
499,P1Hk7uktPE,Fqvlk,Lsa3EJxq
500,fclN1v8KyQ,QtY4P,2KuAokf9
501,JiNgoJziMa,GZSb7,pCYxzzEB
502,eXooF0NxtZ,ELTrn,hxhD7gvM
503,gFXQuW8LQT,quxDc,6krfrs2R
504,ambapy4ovp,ex066,qM2Q49Os
505,9UTB9AhY1n,3CfrG,XGCiECxw
506,imN5mrKQU1,JEvC9,1M0kjM50
507,QVBkXadG1I,dbl5I,4aSXoVje
508,j73N79aVJd,M664e,E84eDVdS
509,KwIaSU3NO9,E6U8A,hg6t2Sm8
510,uJPNn68byi,0Mv8P,NfPsWJGs
511,qBFw3jKiFE,HOJOj,Y7uV9yLE
512,FrHMVJRtdQ,3M4cq,F4PxcAHC
513,X9X58Vdk3j,EcksC,ZdyGrqPc
514,s6P7F2OPDS,R3FZR,1RsENPyO
515,IZYXEn25Zx,MnMUO,azLdghUW
516,TO6o2h4NYu,jxsMn,FRwCjwr9
517,AEn9Mwau6b,VSrJI,WistXOZG
518,buOfKqrh9K,T6SPJ,pQogmUEU
519,RjfT7uRsex,UmJ3B,VkZokOaD
520,1hmt6Tiao1,p70LD,92vge7Qy
521,o7zFfyqqQF,pYSFQ,N4ja0W9Y
522,NdR6FKeQqi,wfytP,AV9hXPbN
523,mfgMrbYUOv,4A4co,ArL1GPK3
524,HNpFZWzqhf,o88Td,o8UDLhIK
525,oqS0Uo3gEz,GAzbT,8DHfBt9C
526,b0BJQXBcwE,2jnHS,w15cxTAO
527,NSvxmBWJOA,kVjlu,yzVwG73R
528,z33xNeczEJ,RISfZ,W20MW0Pi
529,EIEWy9y3aO,2OJ8h,9TroOmqd
530,Jqzta5cIMp,FnNqf,T2tFi7FK
531,TH3Dt4WHFP,E9NU3,FRzTYonI
532,COxuz4G6H0,cGBtp,zvF4C0KZ
533,5UP3FUdX4C,WFAJF,8TuGJw0O
534,uuOvmzlFL1,BMSN8,c63Vg6t0
535,lWNyUdbUXH,yk96M,wxgLYD3c
536,GTlf45K8AK,grB33,b7015ulY
537,WycmRZLP8a,Ce7Ld,kxgcRGVr
538,1ZurMBcHGx,Dv6fA,g0gtwS1M
539,4MBVpLMX4X,i1MRo,kyzDBY7L
540,Jziz2IEV0E,5eH7x,9wObFjzh
541,qPsPLFewdc,zUI6B,HammgX7I
542,9DhTfl0VJ2,ZU82v,5mis7tnr
543,WTyUx2YKKz,qNXYL,CTxJN0uS
544,F5ZvHcOIvX,hYZYW,rkUpovSX
545,QlIzIiijki,U1cuL,hguFeXXS
546,IdfkCZiVA3,sVCy2,F1I3WoCr
547,ttMrvylc62,0MNRd,uOaTqTA2
548,Ne8tSBGh6W,skpXi,B0KITGVW
549,RNykoPcMM0,GgurY,EjgWpGmz
550,mhbVAJqNuq,U12WJ,bRBmR9ay
551,qPncHKfqcN,rArrr,BRYFSf0P
552,q4B6eq6QQq,xuRRJ,L5fwZXGk
553,gPiCVjmn34,C7145,QcE81akb
554,ESz9Uf00x5,MyMdL,h82f9AdB
555,5FCTatQwdV,1zD1t,VTx7SFUB
556,p4MHPsZgNW,0Eaw6,HdyPzE3w
557,JKhAzQk7id,5Qq1F,uLv0Bktx
558,sej40ZsE5x,7K5eZ,bzHU0T4R
559,gt0V2UZzUe,bBKg0,kesezAwF
560,FYmLXPQW86,3Nc27,uI2GEwMt
561,n9iWYgIddR,YOU79,7qahuqW8
562,8tT03pQRvt,uc9X7,i1ukRazB
563,vnM8a36sat,JRDeG,UmUI9JGa
564,kwJA3zf2Id,Aigmd,9YiCHsRl
565,frTXp7Ys6K,demwn,DlZWj90C
566,AobJEozXEp,W83Wr,t1ztMgls
567,2cvXhUWGGC,W3wKD,kneChIAq
568,VtZQaysq5y,8SZrq,qTVAU9lG
569,hKwOgpxnTh,kph3p,7NHJcF6c
570,gbmja0lUTD,oc8Lz,qHLFwM4L
571,yccW8zPgfJ,1GO6B,ASeNU401
572,eBONdGFN6r,TpOmW,92luKCsx
573,ECstxFbBgs,afIf5,UUdeDGYc
574,Nh1eX6a3ON,CV4qe,N7MH253R
575,mAnUExHviK,rtIKO,LcWBk9Kq
576,HSOHbPQvoX,8DJkM,sSyHL1Es
577,i2UkBpJbOX,xrtq7,cZmveOPG
578,Q9SYv6y6dz,ZoS9e,ZNAzndqf
579,v8vHxWInjW,LE1Wd,2Der0bLr
580,ag6oc7KlfY,PKj5P,pC2VF30D
581,HSplFF168W,cW3Z6,P6zGU17O
582,yRRMoIniWR,qIk5N,Fdmyqrck
583,k5lvkkoIl7,YzzaB,PjpMCitf
584,Bk0UxgSnxk,R2GAc,1GmytPLQ
585,yFwQYagibl,oK4iP,JblrQa1T
586,uhOd7ZrfGU,AEgxf,4YjbPZYJ
587,ome5ohEjaV,BcFaK,odImA8TL
588,JTo14zncXG,MIFoc,Q2bSduml
589,apcbt4cmIp,20sGe,ePG3PjBA
590,CP6YnFVwN2,zZD5c,UqNOJgOR
591,HIWRC9REW7,d3vPO,aN77t172
592,o8GlRidGMH,dYJqP,oiudh2tg
593,ZRqXKbuoWW,xubsV,OFYCM1kb
594,PF1gOjDBGa,wBP4E,T7y2xA0m
595,tsy0atXpyt,HNi0N,Ox0108Yj
596,Yshg3NGbnY,RShMk,2vF3ZXAD
597,mPmH1rAelD,nNhJs,b9VXd0vN
598,AEffQslMhA,QTgy4,yeUeI88b
599,rZf5ealvBj,sLUAy,9ERaPT2m
600,fUHB43eCjx,WG8Lq,Ee3Dtzoo
601,y2ZanTI0II,uK4aR,dHbSTCdA
602,FGpO8yf7ti,jBsU7,7HM6MQUY
603,CFnDuGB13F,C1Ban,eaMW91Po
604,AeIX8bSbHS,A5LUG,mQDRYeUT
605,pwmSKqYDD8,OTLJz,7wxspfmY
606,J6j38fL8kT,FdqIk,EyOfRDnS
607,lmaN6ZL21I,JDUm6,YN0TI3dL
608,x9XYOp1te5,8YbqS,rIVAcR26
609,OwD2NOzMP3,PsfoH,WdQIvVod
610,OpcOGLsG5H,oRh8w,2VYbINrK
611,cbfJnNniYY,VWf7f,3aVJlgAe
612,X7R37XoarU,ufP2l,UCysBh0N
613,VGZmRsAi7n,OH1qr,PKghlQcG
614,dtEoPAtGLP,KIc8V,PXSAwUC2
615,uvm3CMmngb,EDZqm,UpBKk5oK
616,WIcns6VF1D,lFgWP,oTCzy9WG
617,TVP4asPDcB,Z7B6L,HvEL6k2r
618,4crAT8Dxvc,qWKAK,n3RVvhKQ
619,HvlfWhhUZ1,dLmwL,eeuywghH
620,f2vXH1PenA,XEauo,9Nlv7cye
621,wqmYuC0RTc,eAPZ7,KKNjaK8j
622,YX4bwEFy76,W2rCV,Q1C8eLtJ
623,o2KC71FsGr,IHaFD,v3x375rs
624,u8k5dXew2Y,xnDn7,Z1pEI3l8
625,iMZxkygM9r,uBZwX,s2vRtDM4
626,vURV40aK9V,UFKJN,Y9riNFJ2
627,m378HVzxsq,cV4tx,20tbu9J9
628,WS9BaWRfd8,SysDU,2nySKaxo
629,U8bk8dArEo,kB5QP,nEWMGwDo
630,IGKPQU07nX,7SEDz,Kpn8Fe3b
631,yDgywdCeqe,OhcLz,5gSg47r8
632,nRwimurSMp,YQ4J3,HTX2TsO7
633,EkXWSkMqOM,fy8xw,Zri8mxkl
634,kNIyoUzZRo,Jc1aH,lCH0NsOz
635,NdnBqi9pNl,mM50A,CGA0u7af
636,hi78H2sOcH,aMci6,XQ9FX9FT
637,Ljpbn3v5g5,cEfs1,l3w7upUv
638,bjIja2ztSt,UzFXw,yeppEEMy
639,ejyFzAHuAv,LU2Zr,swV9eIh8
640,2Lv7r4wAG3,7OEad,c1A6pJuU
641,AR19F8imPD,F2Cq0,AeqJx32S
642,uqmhPWfPmG,kRWjB,UBJRAzuZ
643,9mq9OhFgry,GWLJU,LlFls8XI
644,CWhnhyIKSC,gxjPW,AEmaLdmV
645,BDKuJ2p0J8,L4fl1,qlkASlyx
646,l7lyAPoCpy,BUNX5,N11mfIZ3
647,RdXEXBwMFT,YxFTN,cRpoCfju
648,2mHSyM3sZg,sF0YB,BSIqHW4l
649,KOtkGnJy0c,lLvN9,4UVTZqOF
650,bHb4HEw5fZ,qd4EN,BTbAGILo
651,JkUF8sJb5P,bOejB,XOYba5th
652,zaNgFh2l2a,4NeSM,JIZEm7mx
653,okXnCYH5Zn,JpB7r,YpKynFZb
654,AQFTSUxoy8,0bHaG,BrkkspiT
655,rpoUuFy1K4,6bkBg,8DX88nqq
656,sPOHUBMnEp,vpnI4,gDxY2QQt
657,hE91WdRi0Z,vC0UL,d625aI4G
658,uWXFrwyDBT,eii5U,y9eAPmf2
659,O6g3WHcbrw,aY2iM,XrYbfeNb
660,FrW5DU9taf,ZQVy6,azQoDA2y
661,CvobsklSDq,lOEyN,su7xpnQy
662,ZpLoqFhggP,6q7ee,CJ9KZUXc
663,hda62R7yu6,B0mJN,9EQmSjib
664,3ao2DrFpT1,rpQ4N,iRZUVIRM
665,0Bpr3xgAqD,LzYsl,6Gh82rTK
666,7BidhiqdDo,DWmtX,lVgb4MTZ
667,BLq2Q9GUZh,nrjaK,IjgxAfHt
668,Oczt0qnPGu,MFCrT,pufc9qIw
669,qJRtcmAYke,Ok9FP,NIDQCmtz
670,C4lzRD5BD5,lBOdk,dMol2pk7
671,V9jviS2aBY,eRFFz,uwDtYmSN
672,SMpu0A72hX,LQeRU,yXH7Cqdp
673,wAsghdRzUI,QQ44y,W3UZTIJs
674,UEJ0ualhbP,ZD1eO,3rpRKM04
675,qI1e7SoeCd,FvX1U,vMKBlVAm
676,V03r3zoJVM,Xk1TI,wMGCSSmf
677,tfXT2IfgIo,wRiMJ,dgG1H9o8
678,ftb8x90AvG,t1d6m,WhO6ruoB
679,ekrkP6GT87,gvggX,LQdlobaI
680,9Vm7V22iZA,8EsRZ,kKEevoPR
681,qdUBIJxFjS,E7MdK,DranUjmR
682,hTHwmAvFDu,f7uH9,9NZdoDwo
683,fHPQoQoDFq,oAsOG,qM9TKjnd
684,MPVzjAeVVV,r1EX4,SjdMPfvb
685,WSxfdaKcxx,C0zZv,4i9jO3Px
686,1TihliscNs,Q715n,Xby1oB1G
687,INKLFnAh9h,jw5Is,adLLfept
688,ccYMwpdIe0,7Rlk9,APX2vXWV
689,dBgFOxJJCz,VgiRr,xPVN0fIM
690,evijSCt1hi,Z3xVU,p4je9AJj
691,wxHrcFguUG,gLLOw,l5cX4dS2
692,Se8f7ojSIi,kZioe,ilGEPpvW
693,B4fyuqFEv1,4DO2O,Qzs1LH7a
694,bQ9pDZuTln,m9crr,sCt2o9MS
695,ZWlsjcwYUr,L6iua,pjfHwwUh
696,TeKr8znDMi,OLQdH,L84mNyj7
697,QTWIN6Kbh7,NaXH8,cW8dJyLg
698,XLAuFHjQKS,UGT2u,wB0eF3pC
699,bvrOnLCP1x,8oIVZ,GXMKHsyW
700,ivmwnUVrrH,BL5id,CPcyIbBK
701,WWxGGYLvEU,ySVbC,ungwdSzk
702,01kBNQVvfR,ott5a,68uhUMU1
703,8Iy8gUpRTh,W8noQ,vFVsYxU3
704,QKOXx82ImC,EbEI7,r5AqzsSZ
705,9e80VNmQhO,pwnY3,cYIB2OQf
706,JovR2MzjRc,KbWZJ,Ar873sOd
707,OmYrbtotTB,EXZTm,E7H7BtAm
708,KWxEwvjuj8,JPnIF,gyo6dnby
709,8Owoo2j5ev,Xfypw,3RZwknx1
710,x5dLSZgv1v,0TyVU,m42hySeY
711,midDNSD9ae,FOj8P,v05HxU9T
712,gWBr6KEfTX,28AmP,u1H4fEiV
713,huXwVfqlcl,PMqf9,He3T1mYK
714,WqxaZhqhur,0PWrT,5ia1xIGl
715,hVx5hrrjg8,ByYfI,nVplOMmJ
716,rsqz7n5Guy,TtWWq,T1TdLMHT
717,ySl3Bs7JXo,IcQsw,e244hOCP
718,eAo88A15wV,3Ws5i,GmUAyCbb
719,lxopnyHBnr,QvrxT,z265fHHY
720,ihH6ILGm5x,nzTqR,F3Y5xsZx
721,hxx9EJaTv6,soMm5,OsmASXEf
722,VsoD4tyfgU,EaRu4,h5Nb12VA
723,BoDZ5oJcg5,i2dcj,B6IC55nL
724,LNWZZLhl3X,tP8rN,U5EU53Mc
725,aQqVjsSTxd,xC1eu,jY7pyDQ8
726,QDHw2mJnff,S6Ilh,IwGdMh55
727,LzwKmt37rF,2eyFf,dz7nxcC9
728,Q38FqPIcfb,6iHyr,3CagqIcr
729,r1mHAr7J5I,l3Emz,eRY3bpJD
730,PW9qhsPOId,Gii7r,3BiE2FF2
731,7fDdivjKjG,NzBeo,SzvpOMrb
732,JBU85Oakxh,BE6wx,CILulxsB
733,X6ZgmJK6yA,Ci7sI,5OaXuEeI
734,FhRKnaYlEc,QBr9o,wP7glXbv
735,OuBeTWWNRW,qMVG2,hZA2LISA
736,2O4uzThfZq,EOvNc,66kUTB4h
737,A3c5lGBab5,PdVdV,KUIqqBoD
738,Kw3Tqa9Iid,QRVcs,qvYnTBnA
739,8Iq5YfJlEi,jyl7d,C3ErkGaT
740,YBWISAi8Nz,oJdjn,P2xwXENN
741,MZWCAyQ2YX,6SSdE,enem71Cx
742,HKej5ONqN5,oqLXR,G9HW1Ar9
743,Bhk6gnZKoE,WoeUp,joUuveiC
744,dPiCUPjkr7,zUE4M,J9csID0V
745,FHRs7UxQrW,OGqCS,QNgVLnmc
746,SDJGz5aanR,Lce9k,sDAW1AGq
747,3M7qHVoDOX,YmU4B,C3ZmgcGk
748,l2qRyKIW37,cONx9,qkoLh1OO
749,YrYK9cvSoE,4Yrex,zTK0sa1y
750,ZpZocNCmVA,mTpvk,beMN7ZGm
751,LJyWx9G6z7,JaHjT,3k10TMmA
752,TecSEcAdMD,DjpV9,gQoOwgcH
753,8dPFh53sPe,rvi8I,rAzFYzLy
754,mxqlwoVgUZ,7NznM,nXmcLwU8
755,QaV6WHP7Eb,iWlBX,itVq9yTG
756,JFmHgsihuO,1Gh8n,ek3zh1U8
757,nnvnI486yN,evsxE,rUfkBCRp
758,cgLuZo52GM,vbbmn,wfnL3flv
759,sErCFgizUC,ODVVT,jpxwjqaC
760,LZTpw6frEA,viQoU,9aBlxR9Q
761,FqT8HwAEha,Slwob,FQo6onPp
762,oGCUVY7dpd,aj2TZ,XmQDhApY
763,X7ijQoM0Rd,FD3Up,zD0nV7Yk
764,s68vWuEo1p,nzC7N,llUYwwfc
765,VXSFZmXGoF,AVrrS,9VM7wRlu
766,m15pxyp2Sr,twXS0,HgHDlOCM
767,p64sMfw5iC,Nm525,S3cpWEMe
768,SlltAOhOvo,CarxI,yBianDvI
769,VP9dUk2f39,Bpy89,LvDoajYO
770,f21jmLxIZi,LSqZA,Smksqdns
771,RhU8OS8gMf,NGjMM,HXTzZyct
772,Rf30asS9Mk,fkLBi,JvrWo0YW
773,Ut2SI9RLj6,QWdt6,xVs4OA94
774,WkkiHiMnPP,ymuIw,YAGPsZNs
775,zo28o35iWE,S01kW,SnvB3voz
776,ZpT0GEixjn,nNzed,ZouclULk
777,IyCOYBB6NU,Ej63l,TzV4rUEQ
778,SRRp6Ao7Ni,WDFt0,ndXoomW5
779,dV8FDU0nHI,BjUEj,ZqRnSEyi
780,aHO61g6LkM,QDAvg,wbgeOGyL
781,UpOksU1BJq,jcLhU,IsTf5MZu
782,3V3ZP5lFjt,zkmbY,czxWQ6MK
783,pK6qSJ8l5X,LLGDi,CJ1Jo6Ee
784,ML0DOxFduQ,o3jC7,JX2oQ5c0
785,UnxoBelpNY,yqpmN,X9uwTr3Y
786,8iEEzWICHn,9WeTS,mbsFTLpo
787,TQA1dbjQjv,prK7Z,VtKN2Hce
788,88FXVc4TDT,NWK9I,C2wPiApX
789,3EIJH7fNIA,Ui9mQ,rVVdPE4f
790,ZMZw8HUMs0,iGJnx,sO5IaeeH
791,ZqKA5e231Y,NEoNU,8Hef2pSe
792,iLcXjvt5Vc,UCtMO,PAaJtHAV
793,hjEn7qUIYJ,GcwtM,UoC24Jy4
794,7BiBPM1gFb,Udtcz,NGfPRVoe
795,Vs8ktLznt4,CfgJx,2kFij99U
796,stot6mny4Y,PbXhs,rAqEoAfG
797,te6MT0AsC7,sdpoK,LKRHGHjP
798,prRU92KMD9,CWQkT,hqtivxlP
799,ghZP1m89NQ,4gcNJ,WusM5ZXO
800,GLmlugZL9t,jQi6f,3m0tGEDs
801,QnJ3MYI2gK,fTKw5,WhIxENnO
802,3mbFYXMwLb,89Ml9,QIBY7t6l
803,le6WLMMOfH,02xAz,vICVeU1t
804,8TOBOiorQl,JalaF,vcUaFrj0
805,wQgNrRmvOI,gMFXp,beKqmxh5
806,DOgRwnR4yb,EeJr7,8EJJBFBf
807,ryay2UXmXX,VHizF,4R4bIWDV
808,fDHPMXeNaW,k61dD,jKJSQa9k
809,MxLeyCGrIa,QH6Bl,hDGt0uVy
810,anRLekSlTW,y9Esd,JdRowVbW
811,Swcju8UkuZ,RJzhg,WYjNYxxX
812,74FKBJIe9t,UACei,sEw6Ryfa
813,kVXqCCNLTd,G7dTT,PNGDobLz
814,qvAM0OwnqC,dmfZM,viBUAk11
815,T9NERngRPC,YKILS,kNrmFULf
816,htxKLDc3wf,1dBUK,cE3NTX6f
817,oHCom8vw8g,wRdbW,D1z8XJ9D
818,XgLaIzpvb6,hdMDU,IIYZbqYF
819,zNNshRmjtb,fbpmN,3wK8GqUV
820,cPgcxJ8eo4,StXbU,iU3k1V0P
821,q8Fxv0ha7w,dbi9t,NfDl0EPP
822,7vnnvObFOL,MveCH,rZ1vtBIS
823,LomQxNZXtx,UzoHx,fkoflOk1
824,N9ZdVPkjfx,6l02F,Qt8ZYVyV
825,tQi5bAvgpi,Ti7Pj,tcCKoFmF
826,XuYjJ3p500,IBfzu,EsAAG5uE
827,myfdR2Zo1c,0CyeN,KZPj9omv
828,LjsRs14qnR,ULhNX,PeJkccja
829,eTN4qXeZ0D,FLtXY,byBdeinq
830,bwfrbJevvc,pQ62W,Y5SDdXVr
831,WrmhL6fKkF,CWOLq,S54MIEOa
832,fSiVlrWJSA,s5c6J,A0i0SDZl
833,kdJXsLaMbp,JLejN,2uFccO3s
834,677Yld3i4w,JnLp4,63iYF7lM
835,ACDncXtyh7,CKA5j,85h5DUXV
836,YBO3U7gOeH,Ydh8A,8363uK3w
837,zLJll3UBpI,1XYeF,q2URa2xx
838,7bJfStAqt6,zBcEz,6QOcdGfN
839,JOwu1f2sZC,Mk8Fa,s6PuHN7r
840,smtsVCrIbG,el9xO,aOjifMwg
841,8i90jXma8o,akrxP,1DVYPtwq
842,e9bb5f0Jof,KWGQx,KnXUtJZZ
843,rx8GUWofW5,yAvBm,XEYU30Xd
844,8x6N9zcWY1,yqr35,IDVtWlX7
845,4L9mxhlggv,2pDSw,DC3U58xF
846,kStWEAVjrd,S8ZuW,c6ZAUiUW
847,qCs2wf5wL0,4gDaf,0tl8SrZR
848,drRIuMQjrW,oNgte,TySMF8Xp
849,UQgCYFr4zE,SgFwJ,SQzmlOjf
850,Kmrnc929Kk,4dYEv,aIgZeQyW
851,XneOtRt3nu,Qom0T,9FbaPZul
852,oZtR2U1VYK,B5Hrv,OTjmtnS0
853,ZznUD5kkQ8,cKrLP,wtFeH2hq
854,1XqI9kmXdL,5TqTa,bUaAGoHd
855,Kbzh1vZdkb,c2B18,IulUVPdw
856,D7yhQv65IV,oM4EH,9kVXVvk6
857,XS0ydS3vw5,MacLD,HpcCp7Ft
858,7XlLwrNC7W,LeAlM,qWOMCx9M
859,S4msGYgJbm,Yd0Sz,kaciUbyj
860,9nHe8s7jRF,lL5wR,WC1PGFty
861,R4EdrX6gh2,4ByRl,n2RdaaJA
862,5vmNqRSvNL,AvB5Q,1m96YDqq
863,CZUiuNiVsq,57O9q,M2F8DywG
864,W3QhWUiXBS,9QjjX,xKqNMbSD
865,X2H05W2dKJ,370Qs,VDqCCpWk
866,DzkxqAmucZ,qaHbC,dcQ9BJA1
867,njdUgSD7qT,YcXZX,iYt4oeMm
868,6EyoH2x8Nf,IBCro,QoXYqTmV
869,2Haz95yrMa,1IBKe,syPJrMKi
870,o0azxx8qka,lsbYA,7dGLvpWV
871,iYrV4sdhlF,ge3pk,JbtoPDzH
872,TuKH1THIO7,jYfZD,oOg44bOg
873,I1HpCigZ5n,ZdmHA,6aRfEdbb
874,iKoROe1Em0,Q4oaK,L7EGu5jb
875,hNRww4qTVc,5um6q,3ySFDRs2
876,YSwjyQS5Uh,NtBhJ,N5Kl4E1c
877,gIWGtDRb3w,YDDM2,gqxwnwLG
878,K8vhWdIgNJ,9jYFm,tJFSLi2M
879,HHKEjsfjLy,Jjjo8,z8rac4kL
880,P3lIpjDoAN,usv3T,IwNqxI90
881,lzuJrQ4R1O,mBiJK,SjU6Jcul
882,R5u6DBZotU,fKnXY,qweR7KMq
883,whFdMRo40y,qOEFu,h7bpIOnn
884,VlQOlauiob,LD7JH,LjgWYHYF
885,FrgErObDz4,yyazt,5ggMjcqT
886,5LxNbvqmVh,SEIev,c800cUKc
887,QjMWAPInaf,zIPiF,iU2BCH1s
888,zlMRqA76KJ,jFrop,kB1vgapl
889,J0vPqwyZiF,NF2ig,aAzbNehP
890,e6DEceX7jl,Q5lbC,aoxTbayX
891,zrLe39i6yr,NmQCc,ns1Wr6xx
892,jaq7Df1Xv3,poLYv,AWEHin5d
893,4Si6sQ8LR1,O7ugP,U0qhRouN
894,2dEnbW2fER,nluxW,CXaD8mn0
895,hFp7DNjxFZ,R2Pm1,iAEISbYw
896,iKd1hjg8dE,ZoTPn,v73BIvhJ
897,jc2um6aa98,gAuHI,XzDtyJeh
898,7xlncSa217,zAi8k,ZO2YLPuJ
899,gsIBt4F6T7,npKUz,jdYHbl5g
900,wffUBu7HMu,J2fqK,34P7j7G2
901,9OzucOUGIp,ZSDfH,f6LvrS7E
902,C4ReD340dB,uycVv,rLTUwi3E
903,GgH1rpD3pY,Tvnlz,SqhlVmij
904,J9NTzguovk,h73ex,cpX1rFoy
905,PDYkue5q1g,DWtZA,9PwzLp78
906,hqFZzXqENF,o6uh3,vQKrZiKu
907,zJj5LNs6j5,Z9wtP,86q2ca4p
908,B429e4e3uR,sNZXB,H44Nplpv
909,OGBLhbyZvA,jY0MX,dtS7eB10
910,HGEp3yztP8,dJfhX,fkpiHyLJ
911,XMHQvZ8RZR,5ROOJ,41nSPg9q
912,eLQFaNkKYI,0adfp,YwCAAhsn
913,CUrXE8Jdlh,45pzB,bgr7i5Xj
914,UtehKOBxd8,5TXHy,6RpYARAz
915,ezaWaFuNRi,xUM9u,MfI7Yh7F
916,D1z0fSNenI,YNroy,kL9OoHyD
917,iVhmgEnAAr,rAOWh,QUA65u65
918,DkuTCyWxPP,aS3Nh,yk57SiXR
919,spUFmQyAzc,G2i8s,VGeJlZbf
920,inTuBdmS5j,gVzaZ,OvFrcPm0
921,aucZ964Fqj,aQv0s,cl5SUrBR
922,sotPS9dkRZ,nCjK8,xrm7vhgt
923,SMhCsTwMw1,hkZBD,Ld5ZSaSV
924,1nczdnEVlZ,nHpSq,dTkn0bT2
925,UqUKcsDGMo,q9sLv,JJP8pH2l
926,CR8q3aStzY,nOxGV,gbejFFPz
927,s7GuHMtLhD,AXMAs,2uUCCM0r
928,5avR2uQ7Ak,4oawB,G0KQYXcy
929,HIruxqYo60,CEz0C,n1qZorVA
930,enryOdmUcY,Dw5bt,3F3Gytjo
931,Juq56ytlNl,YLo9v,ATnlL4qy
932,rfFW7JTtf5,6s79z,JhzJqcWX
933,MelRFqJe7d,w9B5V,hhfp9YtS
934,5CqITIxKuI,mNaBT,mhO5nZav
935,SQ6O1Ap70z,wnHE6,xxiNOWwJ
936,Jqgs1N4sTN,sIJcP,fwkun8Yi
937,PmVgw60ctI,IC8sf,qnJaFI3g
938,YTqFl7vqMm,UtYNU,bV1R1EUw
939,QjITbFLceL,srXa9,XWoIyur1
940,qMxIZ0nJqV,xrnLi,x14i99wz
941,6R7E70y3VR,dbFwc,hEMamVFN
942,8eqBz6hMhY,ceDZB,k0hNmX1r
943,Ie2xppszIc,fXaKI,DUQayl0q
944,lcqISfxH6D,aXSMU,2VyQs9J1
945,X7wmBbCFK4,bZWaI,uDoQ2QEG
946,IIhT7he9tZ,QALCX,SgfzGXOL
947,GqpbdStVy6,rkkLT,IGDQwmPm
948,qgZgxEmjAQ,ioR0L,30rqojEs
949,GwFRE1USQK,XLTXO,rUBg7kZt
950,h407EyuEni,JXwHw,4AXRDlBR
951,KbxYYuQuK3,y2y3R,AXXNrNAx
952,X7SaauTd5t,a1UML,evjrSzbZ
953,zHeKCqYfhR,OHYFf,3QnjGEFm
954,ZI8vaMB2A6,ERXP8,9Vo1mdVc
955,Wl3MP87XKt,BY5iD,k5hhc6de
956,NiBjsVVBP7,Jn31O,QIpyGpnz
957,yee2xrKrIz,FTPUJ,byblOcHp
958,j0jH2Pk2Nd,qTv4F,gvopl7me
959,aUD9ic5Id3,QUVpT,M1K20Ftb
960,eZ1lT2KFSL,PU8D7,ePd4L7b5
961,i2brLdb1KB,dGbUP,Yqt6jDEX
962,mANnL9kkst,cAcKP,bLpuGDb3
963,DCTqlfQG0O,fsqlP,YBMcQ2Q0
964,hhkPLKc2qU,rH9bU,ZfvZaWzl
965,zWwbKq18Nt,xfDtA,ujawUL7y
966,ks0SXwYY3C,AVw0h,k4htv6V2
967,1cL7Ri09BX,Knwmu,N23CAKRI
968,Fcrr0K9OsM,ZBpNO,AAtjD3Ac
969,RPN7ELCnVC,bRDUm,eXxg3CvQ
970,mDUGt0XQ9a,Qm7mL,PqTQxcRb
971,x34p0EKopB,aDxrn,bp2OYGr4
972,wRecMQsmbC,80lps,xIHhJ6rH
973,0f4pTzcgMA,MckqW,cQaj3zKN
974,vNcbvCzBqA,ssW1V,jicwH1ri
975,riplUOuBPM,DoncG,WiIEnCaK
976,LPHghRXTe9,OvAkI,LvMQ43LM
977,jvaMtpJ8NO,bzQDz,hfo1eysa
978,LQHs0IBIzT,pPpeI,hQICNuga
979,4H39xd6ZBL,CN91F,lSoiOEh6
980,eBNHUhQ0LM,9euUD,rOjJQYVu
981,5GmMcK1ER3,enlSf,auPkW4JJ
982,LjEXqsgJUv,p6qyX,yCOe8MXZ
983,QS8OEr1zD9,RiNCH,I17ceEM4
984,UAERegD5ZK,kFUee,M0QAeTta
985,QfdzMt9txE,NUM4s,uBIn6dDW
986,V2WLRbS27p,T62o5,YhJqfGsN
987,W6Rk1prnwV,iViqK,95JE9gaH
988,9qRdggLFQx,Gh0ld,P3W88A81
989,7bJI49kuvx,bYonD,wJ9x1I9o
990,Srz1W5pzJx,4z9Td,QHAUxe89
991,p1bPSqOINr,xFyIr,nC2UDAgY
992,CZujj67kcx,OWg1r,dJOvl2xJ
993,uBTcUxzXE1,d1Rs8,hlQh3ZlH
994,pX9r8pcMol,DBVWZ,nOKNxIaO
995,pO6Eisi6zh,f226W,TDFa1m6O
996,LSMRb4VYB7,DL9Ry,MYSzMz5c
997,uK9cPTIC8s,lUaxn,YtORdrnf
998,DViFp1nlBh,Sku2x,uAFzfaJG
999,8CzkTLJ6y0,ghpLT,6jK7WQpR
1000,wTd3FYvYxK,uCi9T,v7csr7Cq